{
    "parameterSets": {
        "Zero electret D 9.7": {
            "$fn": "256",
            "CUT": "x",
            "Coupler_Diameter": "7.5",
            "Coupler_External_Diameter": "22",
            "Coupler_Height": "0",
            "DEBUG": "true",
            "Electret_Diameter": "9.7",
            "Electret_Height": "6.85",
            "Electret_Housing": "33",
            "LAYERS": "false",
            "PITCH": "3.3",
            "Volume1": "false",
            "Volume1_h": "26",
            "Volume1_hy": "0.35",
            "Volume1_hz": "2",
            "Volume1_l": "3.5",
            "Volume1_x": "7.5",
            "Volume1_z": "23",
            "Volume2": "false",
            "Volume2_h": "42",
            "Volume2_hy": "0.35",
            "Volume2_hz": "2",
            "Volume2_l": "3",
            "Volume2_x": "7.7",
            "Volume2_z": "67",
            "Volume3": "false",
            "Volume3_h": "26",
            "Volume3_hy": "0.35",
            "Volume3_hz": "3",
            "Volume3_l": "3.5",
            "Volume3_x": "7.5",
            "Volume3_z": "134",
            "efn": "256",
            "layer": "0.12",
            "thread_tolerance": "0.6"
        },
        "712 electret D 9.7": {
            "$fn": "256",
            "CUT": "x",
            "Coupler_Diameter": "7.5",
            "Coupler_External_Diameter": "22",
            "Coupler_Height": "104",
            "DEBUG": "true",
            "Electret_Diameter": "9.7",
            "Electret_Height": "6.85",
            "Electret_Housing": "33",
            "LAYERS": "false",
            "Volume1": "true",
            "Volume1_h": "26",
            "Volume1_hy": "0.35",
            "Volume1_hz": "2",
            "Volume1_l": "3.5",
            "Volume1_x": "7.5",
            "Volume1_z": "27",
            "Volume2": "true",
            "Volume2_h": "42",
            "Volume2_hy": "0.35",
            "Volume2_hz": "2",
            "Volume2_l": "3",
            "Volume2_x": "7.7",
            "Volume2_z": "67",
            "Volume3": "false",
            "Volume3_h": "26",
            "Volume3_hy": "0.35",
            "Volume3_hz": "3",
            "Volume3_l": "3.5",
            "Volume3_x": "7.5",
            "Volume3_z": "104",
            "efn": "256",
            "layer": "0.12"
        },
        "712 electret D 6.05": {
            "$fn": "256",
            "CUT": "x",
            "Coupler_Diameter": "7.5",
            "Coupler_External_Diameter": "22",
            "Coupler_Height": "104",
            "DEBUG": "true",
            "Electret_Diameter": "6.05",
            "Electret_Height": "6.85",
            "Electret_Housing": "33",
            "LAYERS": "false",
            "Volume1": "true",
            "Volume1_h": "26",
            "Volume1_hy": "0.35",
            "Volume1_hz": "2",
            "Volume1_l": "3.5",
            "Volume1_x": "7.5",
            "Volume1_z": "27",
            "Volume2": "true",
            "Volume2_h": "42",
            "Volume2_hy": "0.35",
            "Volume2_hz": "2",
            "Volume2_l": "3",
            "Volume2_x": "7.7",
            "Volume2_z": "67",
            "Volume3": "false",
            "Volume3_h": "26",
            "Volume3_hy": "0.35",
            "Volume3_hz": "3",
            "Volume3_l": "3.5",
            "Volume3_x": "7.5",
            "Volume3_z": "104",
            "efn": "256",
            "layer": "0.12"
        },
        "Zero electret D 6.05": {
            "$fn": "256",
            "CUT": "x",
            "Coupler_Diameter": "7.5",
            "Coupler_External_Diameter": "22",
            "Coupler_Height": "0",
            "DEBUG": "true",
            "Electret_Diameter": "6.05",
            "Electret_Height": "6.85",
            "Electret_Housing": "33",
            "LAYERS": "false",
            "Volume1": "false",
            "Volume1_h": "26",
            "Volume1_hy": "0.35",
            "Volume1_hz": "2",
            "Volume1_l": "3.5",
            "Volume1_x": "7.5",
            "Volume1_z": "23",
            "Volume2": "false",
            "Volume2_h": "42",
            "Volume2_hy": "0.35",
            "Volume2_hz": "2",
            "Volume2_l": "3",
            "Volume2_x": "7.7",
            "Volume2_z": "67",
            "Volume3": "false",
            "Volume3_h": "26",
            "Volume3_hy": "0.35",
            "Volume3_hz": "3",
            "Volume3_l": "3.5",
            "Volume3_x": "7.5",
            "Volume3_z": "134",
            "efn": "256",
            "layer": "0.12"
        },
        "712 electret D 6.05 coupeler Diameter 7.0": {
            "$fn": "256",
            "CUT": "x",
            "Coupler_Diameter": "7",
            "Coupler_External_Diameter": "22",
            "Coupler_Height": "104",
            "DEBUG": "true",
            "Electret_Diameter": "6.05",
            "Electret_Height": "6.85",
            "Electret_Housing": "33",
            "LAYERS": "false",
            "Volume1": "true",
            "Volume1_h": "26",
            "Volume1_hy": "0.35",
            "Volume1_hz": "2",
            "Volume1_l": "3.5",
            "Volume1_x": "7.5",
            "Volume1_z": "27",
            "Volume2": "true",
            "Volume2_h": "42",
            "Volume2_hy": "0.35",
            "Volume2_hz": "2",
            "Volume2_l": "3",
            "Volume2_x": "7.7",
            "Volume2_z": "67",
            "Volume3": "false",
            "Volume3_h": "26",
            "Volume3_hy": "0.35",
            "Volume3_hz": "3",
            "Volume3_l": "3.5",
            "Volume3_x": "7.5",
            "Volume3_z": "104",
            "efn": "256",
            "layer": "0.12"
        },
        "712 electret D 6.05 Volume 1-3": {
            "$fn": "256",
            "CUT": "x",
            "Coupler_Diameter": "7.5",
            "Coupler_External_Diameter": "22",
            "Coupler_Height": "104",
            "DEBUG": "true",
            "Electret_Diameter": "6.05",
            "Electret_Height": "6.85",
            "Electret_Housing": "33",
            "LAYERS": "false",
            "Volume1": "true",
            "Volume1_h": "26",
            "Volume1_hy": "0.35",
            "Volume1_hz": "2",
            "Volume1_l": "3.5",
            "Volume1_x": "7.5",
            "Volume1_z": "27",
            "Volume2": "true",
            "Volume2_h": "42",
            "Volume2_hy": "0.35",
            "Volume2_hz": "2",
            "Volume2_l": "3",
            "Volume2_x": "7.7",
            "Volume2_z": "67",
            "Volume3": "true",
            "Volume3_h": "26",
            "Volume3_hy": "0.35",
            "Volume3_hz": "3",
            "Volume3_l": "3.5",
            "Volume3_x": "6.5",
            "Volume3_z": "104",
            "efn": "256",
            "layer": "0.12"
        }
    },
    "fileFormatVersion": "1",
    "parameterSets": "",
    "parameterSets": ""
}
